<?xml version="1.0"?>
<!DOCTYPE hibernate-mapping PUBLIC "-//Hibernate/Hibernate Mapping DTD 3.0//EN" "http://hibernate.sourceforge.net/hibernate-mapping-3.0.dtd">

<hibernate-mapping auto-import="false" default-lazy="false">
	<import class="com.addsenderdata.model.SenderData" />
	<class name="com.addsenderdata.model.impl.SenderDataImpl" table="FOO_SenderData">
		<id access="com.liferay.portal.dao.orm.hibernate.LiferayPropertyAccessor" name="dataId" type="long">
			<generator class="increment" />
		</id>
		<property access="com.liferay.portal.dao.orm.hibernate.LiferayPropertyAccessor" column="uuid_" name="uuid" type="com.liferay.portal.dao.orm.hibernate.StringType" />
		<property access="com.liferay.portal.dao.orm.hibernate.LiferayPropertyAccessor" name="dataName" type="com.liferay.portal.dao.orm.hibernate.StringType" />
		<property access="com.liferay.portal.dao.orm.hibernate.LiferayPropertyAccessor" name="dataDate" type="org.hibernate.type.TimestampType" />
	</class>
</hibernate-mapping>