<?xml version="1.0"?>

<model-hints>
	<model name="com.global.custom.search.model.Student">
		<field name="uuid" type="String" />
		<field name="studentId" type="long" />
		<field name="groupId" type="long" />
		<field name="companyId" type="long" />
		<field name="userId" type="long" />
		<field name="userName" type="String" />
		<field name="createDate" type="Date" />
		<field name="modifiedDate" type="Date" />
		<field name="description" type="String" />
		<field name="name" type="String" />
		<field name="classType" type="String" />
	</model>
</model-hints>