<?xml version="1.0"?>
<!DOCTYPE service-builder PUBLIC "-//Liferay//DTD Service Builder 7.2.0//EN" "http://www.liferay.com/dtd/liferay-service-builder_7_2_0.dtd">

<service-builder dependency-injector="ds" package-path="complianceservice">
	<namespace>FOO</namespace>
	<!--<entity data-source="sampleDataSource" local-service="true" name="Foo" remote-service="false" session-factory="sampleSessionFactory" table="foo" tx-manager="sampleTransactionManager uuid="true"">-->
<entity name="Compliance" local-service="true"
remote-service="true" uuid="false">
<column name="complianceId" type="long" primary="true"
id-type="increment" />
<column name="complianceName" type="String" />
<column name="complianceColor" type="String" />
<column name="complianceNumber" type="long" />
<column name="contactNumber" type="long" />
</entity>

</service-builder>