<?xml version="1.0"?>
<!DOCTYPE hibernate-mapping PUBLIC "-//Hibernate/Hibernate Mapping DTD 3.0//EN" "http://hibernate.sourceforge.net/hibernate-mapping-3.0.dtd">

<hibernate-mapping auto-import="false" default-lazy="false">
	<import class="com.country.service.model.CountryTable" />
	<import class="com.country.service.model.EmployeeRecords" />
	<import class="com.country.service.model.StateTable" />
	<class name="com.country.service.model.impl.CountryTableImpl" table="FOO_CountryTable">
		<id access="com.liferay.portal.dao.orm.hibernate.LiferayPropertyAccessor" name="countryId" type="long">
			<generator class="increment" />
		</id>
		<property access="com.liferay.portal.dao.orm.hibernate.LiferayPropertyAccessor" column="uuid_" name="uuid" type="com.liferay.portal.dao.orm.hibernate.StringType" />
		<property access="com.liferay.portal.dao.orm.hibernate.LiferayPropertyAccessor" name="country" type="com.liferay.portal.dao.orm.hibernate.StringType" />
	</class>
	<class name="com.country.service.model.impl.EmployeeRecordsImpl" table="FOO_EmployeeRecords">
		<id access="com.liferay.portal.dao.orm.hibernate.LiferayPropertyAccessor" name="employeeId" type="long">
			<generator class="increment" />
		</id>
		<property access="com.liferay.portal.dao.orm.hibernate.LiferayPropertyAccessor" column="uuid_" name="uuid" type="com.liferay.portal.dao.orm.hibernate.StringType" />
		<property access="com.liferay.portal.dao.orm.hibernate.LiferayPropertyAccessor" name="employeeNmae" type="com.liferay.portal.dao.orm.hibernate.StringType" />
		<property access="com.liferay.portal.dao.orm.hibernate.LiferayPropertyAccessor" column="state_" name="state" type="com.liferay.portal.dao.orm.hibernate.StringType" />
		<property access="com.liferay.portal.dao.orm.hibernate.LiferayPropertyAccessor" name="country" type="com.liferay.portal.dao.orm.hibernate.StringType" />
	</class>
	<class name="com.country.service.model.impl.StateTableImpl" table="FOO_StateTable">
		<id access="com.liferay.portal.dao.orm.hibernate.LiferayPropertyAccessor" name="stateId" type="long">
			<generator class="increment" />
		</id>
		<property access="com.liferay.portal.dao.orm.hibernate.LiferayPropertyAccessor" column="uuid_" name="uuid" type="com.liferay.portal.dao.orm.hibernate.StringType" />
		<property access="com.liferay.portal.dao.orm.hibernate.LiferayPropertyAccessor" name="country" type="com.liferay.portal.dao.orm.hibernate.StringType" />
		<property access="com.liferay.portal.dao.orm.hibernate.LiferayPropertyAccessor" column="state_" name="state" type="com.liferay.portal.dao.orm.hibernate.StringType" />
	</class>
</hibernate-mapping>