<?xml version="1.0"?>

<model-hints>
	<model name="com.country.service.model.CountryTable">
		<field name="uuid" type="String" />
		<field name="countryId" type="long" />
		<field name="country" type="String" />
	</model>
	<model name="com.country.service.model.EmployeeRecords">
		<field name="uuid" type="String" />
		<field name="employeeId" type="long" />
		<field name="employeeNmae" type="String" />
		<field name="state" type="String" />
		<field name="country" type="String" />
	</model>
	<model name="com.country.service.model.StateTable">
		<field name="uuid" type="String" />
		<field name="stateId" type="long" />
		<field name="country" type="String" />
		<field name="state" type="String" />
	</model>
</model-hints>