<?xml version="1.0"?>
<!DOCTYPE service-builder PUBLIC "-//Liferay//DTD Service Builder 7.2.0//EN" "http://www.liferay.com/dtd/liferay-service-builder_7_2_0.dtd">

<service-builder dependency-injector="ds" package-path="com.docterservice">
	<namespace>FOO</namespace>
	<!--<entity data-source="sampleDataSource" local-service="true" name="Foo" remote-service="false" session-factory="sampleSessionFactory" table="foo" tx-manager="sampleTransactionManager uuid="true"">-->
    <entity name="Docter" local-service="true" remote-service="true" uuid="false">
        <column name="docterId" type="long" primary="true" id-type="increment"></column>
        <column name="docterName" type="String"></column>
        <column name="docterQual" type="String"></column>
        <column name="docterAdd" type="String"></column>
        <column name="ContactNo" type="long"></column>
    </entity>
</service-builder>