<?xml version="1.0"?>
<!DOCTYPE service-builder PUBLIC "-//Liferay//DTD Service Builder 7.2.0//EN" "http://www.liferay.com/dtd/liferay-service-builder_7_2_0.dtd">

<service-builder dependency-injector="ds" package-path="com.country.service">
	<namespace>FOO</namespace>
	<!--<entity data-source="sampleDataSource" local-service="true" name="Foo" remote-service="false" session-factory="sampleSessionFactory" table="foo" tx-manager="sampleTransactionManager uuid="true"">-->
	<entity local-service="true" name="CountryTable" remote-service="true" uuid="true">
		<column name="countryId" primary="true" type="long" id-type="increment" />
		<column name="country" type="String" />
	</entity>
	
	<entity local-service="true" name="StateTable" remote-service="true" uuid="true">
		<column name="stateId" primary="true" type="long" id-type="increment" />
		<column name="country" type="String" />
		<column name="state" type="String" />
        <finder name="Country" return-type="Collection">
			<finder-column name="country" />
		</finder>
	</entity>
	
	<entity local-service="true" name="EmployeeRecords" remote-service="true" uuid="true">
		<column name="employeeId" primary="true" type="long" id-type="increment" />
		<column name="employeeNmae" type="String" />
		<column name="state" type="String" />
        <column name="country" type="String" />
	</entity>
</service-builder>