<?xml version="1.0"?>
<!DOCTYPE hibernate-mapping PUBLIC "-//Hibernate/Hibernate Mapping DTD 3.0//EN" "http://hibernate.sourceforge.net/hibernate-mapping-3.0.dtd">

<hibernate-mapping auto-import="false" default-lazy="false">
	<import class="EmployeeDetails.model.EmployeeLeaveDetails" />
	<class name="EmployeeDetails.model.impl.EmployeeLeaveDetailsImpl" table="FOO_EmployeeLeaveDetails">
		<id access="com.liferay.portal.dao.orm.hibernate.LiferayPropertyAccessor" name="employeeId" type="long">
			<generator class="assigned" />
		</id>
		<property access="com.liferay.portal.dao.orm.hibernate.LiferayPropertyAccessor" column="uuid_" name="uuid" type="com.liferay.portal.dao.orm.hibernate.StringType" />
		<property access="com.liferay.portal.dao.orm.hibernate.LiferayPropertyAccessor" name="employeeName" type="com.liferay.portal.dao.orm.hibernate.StringType" />
		<property access="com.liferay.portal.dao.orm.hibernate.LiferayPropertyAccessor" name="absenceType" type="com.liferay.portal.dao.orm.hibernate.StringType" />
		<property access="com.liferay.portal.dao.orm.hibernate.LiferayPropertyAccessor" name="startDate" type="org.hibernate.type.TimestampType" />
		<property access="com.liferay.portal.dao.orm.hibernate.LiferayPropertyAccessor" name="endDate" type="org.hibernate.type.TimestampType" />
		<property access="com.liferay.portal.dao.orm.hibernate.LiferayPropertyAccessor" name="applyingForDays" type="com.liferay.portal.dao.orm.hibernate.LongType" />
		<property access="com.liferay.portal.dao.orm.hibernate.LiferayPropertyAccessor" name="leaveReason" type="com.liferay.portal.dao.orm.hibernate.StringType" />
		<property access="com.liferay.portal.dao.orm.hibernate.LiferayPropertyAccessor" name="companyId" type="com.liferay.portal.dao.orm.hibernate.LongType" />
		<property access="com.liferay.portal.dao.orm.hibernate.LiferayPropertyAccessor" name="userId" type="com.liferay.portal.dao.orm.hibernate.LongType" />
	</class>
</hibernate-mapping>