<?xml version="1.0"?>

<model-hints>
	<model name="EmployeeDetails.model.EmployeeLeaveDetails">
		<field name="uuid" type="String" />
		<field name="employeeId" type="long" />
		<field name="employeeName" type="String" />
		<field name="absenceType" type="String" />
		<field name="startDate" type="Date" />
		<field name="endDate" type="Date" />
		<field name="applyingForDays" type="long" />
		<field name="leaveReason" type="String" />
		<field name="companyId" type="long" />
		<field name="userId" type="long" />
	</model>
</model-hints>