<?xml version="1.0"?>
<!DOCTYPE hibernate-mapping PUBLIC "-//Hibernate/Hibernate Mapping DTD 3.0//EN" "http://hibernate.sourceforge.net/hibernate-mapping-3.0.dtd">

<hibernate-mapping auto-import="false" default-lazy="false">
	<import class="com.ajaxservice.model.Country" />
	<import class="com.ajaxservice.model.State" />
	<class name="com.ajaxservice.model.impl.CountryImpl" table="FOO_Country">
		<id access="com.liferay.portal.dao.orm.hibernate.LiferayPropertyAccessor" name="countryId" type="long">
			<generator class="increment" />
		</id>
		<property access="com.liferay.portal.dao.orm.hibernate.LiferayPropertyAccessor" column="uuid_" name="uuid" type="com.liferay.portal.dao.orm.hibernate.StringType" />
		<property access="com.liferay.portal.dao.orm.hibernate.LiferayPropertyAccessor" name="country" type="com.liferay.portal.dao.orm.hibernate.StringType" />
	</class>
	<class name="com.ajaxservice.model.impl.StateImpl" table="FOO_State">
		<id access="com.liferay.portal.dao.orm.hibernate.LiferayPropertyAccessor" name="stateId" type="long">
			<generator class="increment" />
		</id>
		<property access="com.liferay.portal.dao.orm.hibernate.LiferayPropertyAccessor" name="country" type="com.liferay.portal.dao.orm.hibernate.StringType" />
		<property access="com.liferay.portal.dao.orm.hibernate.LiferayPropertyAccessor" name="stateName" type="com.liferay.portal.dao.orm.hibernate.StringType" />
	</class>
</hibernate-mapping>