<?xml version="1.0"?>
<!DOCTYPE service-builder PUBLIC "-//Liferay//DTD Service Builder 7.2.0//EN" "http://www.liferay.com/dtd/liferay-service-builder_7_2_0.dtd">

<service-builder dependency-injector="ds" package-path="com.mobileservice">
	<namespace>FOO</namespace>
	<!--<entity data-source="sampleDataSource" local-service="true" name="Foo" remote-service="false" session-factory="sampleSessionFactory" table="foo" tx-manager="sampleTransactionManager uuid="true"">-->
	<entity local-service="true" name="Mobile" remote-service="true" uuid="true">
        <column name="mobileId" type="long" primary="true" id-type="increment"></column>
        <column name="mobileName" type="String"></column>
        
        <finder name="mobilefind" return-type="Collection">
            <finder-column name="mobileName"></finder-column>
        </finder>

	</entity>
</service-builder>