<?xml version="1.0"?>
<!DOCTYPE hibernate-mapping PUBLIC "-//Hibernate/Hibernate Mapping DTD 3.0//EN" "http://hibernate.sourceforge.net/hibernate-mapping-3.0.dtd">

<hibernate-mapping auto-import="false" default-lazy="false">
	<import class="com.mobileservice.model.Mobile" />
	<class name="com.mobileservice.model.impl.MobileImpl" table="FOO_Mobile">
		<id access="com.liferay.portal.dao.orm.hibernate.LiferayPropertyAccessor" name="mobileId" type="long">
			<generator class="increment" />
		</id>
		<property access="com.liferay.portal.dao.orm.hibernate.LiferayPropertyAccessor" column="uuid_" name="uuid" type="com.liferay.portal.dao.orm.hibernate.StringType" />
		<property access="com.liferay.portal.dao.orm.hibernate.LiferayPropertyAccessor" name="mobileName" type="com.liferay.portal.dao.orm.hibernate.StringType" />
	</class>
</hibernate-mapping>