<?xml version="1.0"?>
<!DOCTYPE service-builder PUBLIC "-//Liferay//DTD Service Builder 7.2.0//EN" "http://www.liferay.com/dtd/liferay-service-builder_7_2_0.dtd">

<service-builder dependency-injector="ds" package-path="com.ajaxservice">
	<namespace>FOO</namespace>
	<!--<entity data-source="sampleDataSource" local-service="true" name="Foo" remote-service="false" session-factory="sampleSessionFactory" table="foo" tx-manager="sampleTransactionManager uuid="true"">-->
	

		<entity local-service="true" name="Country" remote-service="true" uuid="true">
        <column name="countryId" type="long" primary="true" id-type="increment"></column>
        <column name="country" type="String"></column>

		
	</entity>
    <entity name="State" local-service="true">
        <column name="stateId" type="long" primary="true" id-type="increment"></column>
        <column name="country" type="String"></column>
        <column name="stateName" type="String"></column>
        <finder name="Country" return-type="Collection">
            <finder-column name="country"></finder-column>
        </finder>
        
    </entity>

</service-builder>