<?xml version="1.0"?>
<!DOCTYPE service-builder PUBLIC "-//Liferay//DTD Service Builder 7.2.0//EN" "http://www.liferay.com/dtd/liferay-service-builder_7_2_0.dtd">

<service-builder dependency-injector="ds" package-path="com.addsenderdata">
	<namespace>FOO</namespace>
	<!--<entity data-source="sampleDataSource" local-service="true" name="Foo" remote-service="false" session-factory="sampleSessionFactory" table="foo" tx-manager="sampleTransactionManager uuid="true"">-->
	<entity local-service="true" name="SenderData" remote-service="true" uuid="true">
        <column name="dataId" primary="true" type="long" id-type="increment"></column>
        <column name="dataName" type="String"></column>
        <column name="dataDate" type="Date"></column>

	
	</entity>
</service-builder>