<?xml version="1.0"?>
<!DOCTYPE service-builder PUBLIC "-//Liferay//DTD Service Builder 7.4.0//EN" "http://www.liferay.com/dtd/liferay-service-builder_7_4_0.dtd">

<service-builder dependency-injector="ds" package-path="com.global.custom.search">
<namespace>TECH</namespace>
	<entity local-service="true" name="Student" remote-service="false" uuid="true">

		<!-- PK fields -->

		<column name="studentId" primary="true" type="long" />

		<!-- Group instance -->

		<column name="groupId" type="long" />

		<!-- Audit fields -->

		<column name="companyId" type="long" />
		<column name="userId" type="long" />
		<column name="userName" type="String" />
		<column name="createDate" type="Date" />
		<column name="modifiedDate" type="Date" />

		<!-- Other fields -->

		<column name="description" type="String" />
		<column name="name" type="String" />
		<column name="classType" type="String" />

		<reference entity="AssetEntry" package-path="com.liferay.portlet.asset" />
	</entity>
</service-builder>