<?xml version="1.0"?>
<!DOCTYPE service-builder PUBLIC "-//Liferay//DTD Service Builder 7.2.0//EN" "http://www.liferay.com/dtd/liferay-service-builder_7_2_0.dtd">

<service-builder dependency-injector="ds"
	package-path="EmployeeDetails">
	<namespace>FOO</namespace>
	<!--<entity data-source="sampleDataSource" local-service="true" name="Foo" 
		remote-service="false" session-factory="sampleSessionFactory" table="foo" 
		tx-manager="sampleTransactionManager uuid="true""> -->
	<entity local-service="true" name="EmployeeLeaveDetails"
		remote-service="true" uuid="true">



		<column name="employeeId" primary="true" type="long" />
		<column name="employeeName" type="String" />
		<column name="absenceType" type="String" />
		<column name="startDate" type="Date" />
		<column name="endDate" type="Date" />
		<column name="applyingForDays" type="long" />
		<column name="leaveReason" type="String" />


		<column name="companyId" type="long" />
		<column name="userId" type="long" />


	</entity>
</service-builder>